{"ml": {"accuracy": 0.7589835219376613, "f1_score": 0.7581341003171486, "roc_auc": 0.7589717669145787}, "dl": {"accuracy": 0.762358546257019, "f1_score": 0.7622766361032081, "roc_auc": 0.7623548718382076}}