{
    "ml": {
        "accuracy": 0.7589835219376613,
        "f1_score": 0.7581341003171486,
        "roc_auc": 0.7589717669145787,
        "precision": 0.7936936936936937,
        "recall": 0.6997617156473391,
        "confusion_matrix": [
            [
                2061,
                458
            ],
            [
                756,
                1762
            ]
        ]
    },
    "dl": {
        "accuracy": 0.754615843296051,
        "f1_score": 0.7546007540138935,
        "roc_auc": 0.7546174096721943,
        "precision": 0.7505863956215794,
        "recall": 0.7625099285146942,
        "confusion_matrix": [
            [
                1881,
                638
            ],
            [
                598,
                1920
            ]
        ]
    }
}